,country,vacciantionratio,populationratio,ratioofratios
0,IN,0.8898665082638466,0.9427446785050988,0.9439104017801505
