,state/ut,2-to-1-ratio
0,35,1.4998619636883304
1,30,1.1579756493066942
2,12,0.9389531963791379
3,8,0.10587651944320295
4,9,0.1146608476882269
5,22,0.13364276616890727
