,state/ut,3-to-2-ratio
0,30,1.9258072813150326
1,3,1.5042161745955236
2,4,1.2482660763507933
3,10,0.1115822158623265
4,5,0.11963687645467899
5,9,0.12744829503431718
